Approach,d,D,N,Weight,Feasible
HHO (Artigo),0.051796393,0.359305355,11.138859,0.012665443,True
ES (fixed),0.05,0.3165303712016881,14.150551946269303,0.012780350506661924,True
ES (hybrid),0.05,0.3170148854028731,14.148217506534094,0.01279806330573644,True
ES (no-penalty),0.05,0.25,2.0,0.0025000000000000005,False
ES (progressive),0.05,0.3153626039087171,14.317843975191462,0.012865094415481379,True
ES (violation),0.05,0.3162694799618067,14.205717083439316,0.012813434285968801,True
