Approach,d,D,N,Weight,Feasible
HHO (Artigo),0.051796393,0.359305355,11.138859,0.012665443,True
ES (fixed),0.05,0.3167460133539959,14.13973118891702,0.012780488776736536,True
ES (hybrid),0.05,0.31657896342070746,14.14265781904165,0.012776064698018464,True
ES (no-penalty),0.05,0.25,2.0,0.0025000000000000005,False
ES (progressive),0.05,0.31738517908275665,14.033566322563855,0.012722040796555468,True
ES (violation),0.05,0.3164874969481404,14.159177691329203,0.012785444250672526,True
