Approach,d,D,N,Weight,Feasible
HHO (Artigo),0.051796393,0.359305355,11.138859,0.012665443,True
ES (fixed),0.05,0.31635916185526913,14.203869513425454,0.012815606445198562,True
ES (hybrid),0.05,0.31737519064460956,14.084117734141119,0.012761749830558458,True
ES (no-penalty),0.05,0.25,2.0,0.0025000000000000005,False
ES (progressive),0.05,0.3172545442975442,14.054000434139612,0.012733011479713847,True
ES (violation),0.05,0.3162085293621577,14.244542547159597,0.012841657272495841,True
